Category,Question,,
Programming and Data Structures,Implement a linked list in your preferred programming language.,,
Programming and Data Structures,Explain the difference between array and linked list data structures.,,
Programming and Data Structures,Write a function to reverse a string in-place.,,
Programming and Data Structures,Describe the process of binary search and its time complexity.,,
Programming and Data Structures,Implement a stack using arrays and explain its operations.,,
Programming and Data Structures,Explain the concept of recursion and provide an example.,,
Programming and Data Structures,Describe the difference between breadth-first search (BFS) and depth-first search (DFS).,,
Algorithm Design,Explain dynamic programming and provide an example problem that can be solved using it.,,
Algorithm Design,Describe the greedy algorithm approach and provide an example problem.,,
Algorithm Design,Explain the concept of time complexity and how it's calculated.,,
Algorithm Design,Discuss the importance of algorithm optimization and provide techniques for it.,,
Algorithm Design,Explain the concept of divide and conquer and provide an example problem.,,
System Design,Design a URL shortening service like bit.ly.,,
System Design,Explain the components of a distributed system and their functions.,,
System Design,Design a scalable messaging system like Twitter.,,
System Design,Discuss the database sharding technique and its benefits.,,
System Design,Design a caching system to improve the performance of a web application.,,
Database Management,Compare SQL and NoSQL databases, and when to use each.,
Database Management,Explain ACID properties in database transactions.,,
Database Management,Discuss the process of database normalization and its benefits.,,
Database Management,Describe the concept of indexing in databases and its impact on performance.,,
Database Management,Explain the CAP theorem and its implications on distributed databases.,,
Networking,Explain the TCP/IP model and its layers.,,
Networking,Describe the difference between TCP and UDP protocols.,,
Networking,Discuss the process of DNS resolution and its importance.,,
Networking,Explain the concept of NAT (Network Address Translation).,,
Networking,Discuss the OSI model and its layers.,,
Operating Systems,Explain the difference between process and thread.,,
Operating Systems,Discuss the memory management techniques used in operating systems.,,
Operating Systems,Explain the concept of virtual memory and its benefits.,,
Operating Systems,Describe the process scheduling algorithms used in operating systems.,,
Operating Systems,Discuss the difference between symmetric and asymmetric multiprocessing.,,
Programming and Data Structures,Write a function to check if a given string is a palindrome.,,
Programming and Data Structures,Explain the concept of a hash table and its applications.,,
Programming and Data Structures,Implement a queue using linked list and explain its operations.,,
Programming and Data Structures,Discuss the time complexity of various sorting algorithms.,,
Programming and Data Structures,Explain the difference between a tree and a graph data structure.,,
Algorithm Design,Explain the concept of memoization and provide an example problem.,,
Algorithm Design,Discuss the concept of big-O notation and its significance in algorithm analysis.,,
Algorithm Design,Describe the process of backtracking and provide an example problem.,,
Algorithm Design,Explain the concept of a priority queue and its applications.,,
Algorithm Design,Discuss the importance of space complexity in algorithm analysis.,,
System Design,Design a file storage system like Google Drive.,,
System Design,Explain the role of load balancers in distributed systems.,,
System Design,Design a real-time chat application like WhatsApp.,,
System Design,Discuss the role of message queues in system architecture.,,
System Design,Explain the concept of microservices and their advantages.,,
Database Management,Explain the concept of transactions in databases.,,
Database Management,Discuss the advantages and disadvantages of denormalization in databases.,,
Database Management,Describe the concept of ACID vs. BASE properties in databases.,,
Database Management,Explain the concept of database replication and its purposes.,,
Database Management,Differentiate between vertical and horizontal database scaling.,,
Networking,Explain the concept of subnetting and its role in networking.,,
Networking,Discuss the advantages and disadvantages of IPv4 and IPv6.,,
Networking,Explain the difference between a router and a switch.,,
Networking,Describe the concept of packet switching and its significance in networking.,,
Networking,Discuss the role of firewalls in network security.,,
Operating Systems,Explain the difference between multitasking and multithreading.,,
Operating Systems,Discuss the concept of deadlock in operating systems.,,
Operating Systems,Explain the purpose of an operating system kernel.,,
Operating Systems,Describe the role of device drivers in operating systems.,,
Operating Systems,Discuss the concept of virtualization and its benefits.,,
Programming and Data Structures,Implement a binary search tree and its basic operations.,,
Programming and Data Structures,Write a function to find the nth Fibonacci number.,,
Programming and Data Structures,Explain the concept of dynamic arrays and their advantages.,,
Programming and Data Structures,Discuss the importance of asymptotic analysis in algorithm design.,,
Programming and Data Structures,Implement a priority queue using a heap data structure.,,
Algorithm Design,Explain the concept of graph traversal algorithms.,,
Algorithm Design,Describe the process of finding the shortest path in a graph.,,
Algorithm Design,Discuss the applications of the Floyd-Warshall algorithm.,,
Algorithm Design,Explain the concept of topological sorting in directed graphs.,,
Algorithm Design,Discuss the difference between Dijkstra's and Bellman-Ford algorithms.,,
System Design,Design a recommendation system like those used by Amazon or Netflix.,,
System Design,Explain the concept of eventual consistency in distributed systems.,,
System Design,Discuss the advantages and challenges of using a microservices architecture.,,
System Design,Design a fault-tolerant system architecture.,,
System Design,Explain the concept of horizontal vs. vertical scaling in system design.,,
Database Management,Explain the concept of ACID-compliant transactions.,,
Database Management,Discuss the benefits of using database indexes and when to avoid them.,,
Database Management,Explain the concept of database partitioning and its benefits.,,
Database Management,Discuss the challenges of maintaining data consistency in distributed databases.,,
Database Management,Explain the concept of database replication and its purposes.,,
Networking,Explain the difference between TCP congestion control and flow control.,,
Networking,Discuss the concept of IP addressing and subnetting.,,
Networking,Explain the process of NAT traversal and its importance.,,
Networking,Discuss the advantages and disadvantages of using VPNs.,,
Networking,Explain the concept of DNS caching and its benefits.,,
Operating Systems,Discuss the difference between preemptive and non-preemptive scheduling.,,
Operating Systems,Explain the purpose of an interrupt in operating systems.,,
Operating Systems,Discuss the concept of virtual memory paging.,,
Operating Systems,Explain the difference between kernel mode and user mode.,,
Operating Systems,Discuss the concept of process synchronization and its importance.,,
Programming and Data Structures,Implement a Trie data structure and its basic operations.,,
Programming and Data Structures,Write a function to check if two strings are anagrams.,,
Programming and Data Structures,Explain the concept of bit manipulation and its applications.,,
Programming and Data Structures,Discuss the importance of choosing the right data structure for a problem.,,
Programming and Data Structures,Implement a hash map data structure and its basic operations.,,
Algorithm Design,Explain the concept of the traveling salesman problem and its variations.,,
Algorithm Design,Discuss the applications of the Knapsack problem.,,
Algorithm Design,Explain the concept of a spanning tree in graph theory.,,
Algorithm Design,Describe the applications of dynamic programming in real-world problems.,,
Algorithm Design,Discuss the concept of NP-completeness and its implications.,,
System Design,Design a content delivery network (CDN) like Cloudflare.,,
System Design,Explain the role of a reverse proxy in system architecture.,,
Programming and Data Structures,Implement a linked list in your preferred programming language.,,
Programming and Data Structures,Explain the difference between array and linked list data structures.,,
Programming and Data Structures,Write a function to reverse a string in-place.,,
Programming and Data Structures,Describe the process of binary search and its time complexity.,,
Programming and Data Structures,Implement a stack using arrays and explain its operations.,,
Programming and Data Structures,Explain the concept of recursion and provide an example.,,
Programming and Data Structures,Describe the difference between breadth-first search (BFS) and depth-first search (DFS).,,
Algorithm Design,Explain dynamic programming and provide an example problem that can be solved using it.,,
Algorithm Design,Describe the greedy algorithm approach and provide an example problem.,,
Algorithm Design,Explain the concept of time complexity and how it's calculated.,,
Algorithm Design,Discuss the importance of algorithm optimization and provide techniques for it.,,
Algorithm Design,Explain the concept of divide and conquer and provide an example problem.,,
System Design,Design a URL shortening service like bit.ly.,,
System Design,Explain the components of a distributed system and their functions.,,
System Design,Design a scalable messaging system like Twitter.,,
System Design,Discuss the database sharding technique and its benefits.,,
System Design,Design a caching system to improve the performance of a web application.,,
Database Management,Compare SQL and NoSQL databases, and when to use each.,
Database Management,Explain ACID properties in database transactions.,,
Database Management,Discuss the process of database normalization and its benefits.,,
Database Management,Describe the concept of indexing in databases and its impact on performance.,,
Database Management,Explain the CAP theorem and its implications on distributed databases.,,
Networking,Explain the TCP/IP model and its layers.,,
Networking,Describe the difference between TCP and UDP protocols.,,
Networking,Discuss the process of DNS resolution and its importance.,,
Networking,Explain the concept of NAT (Network Address Translation).,,
Networking,Discuss the OSI model and its layers.,,
Operating Systems,Explain the difference between process and thread.,,
Operating Systems,Discuss the memory management techniques used in operating systems.,,
Operating Systems,Explain the concept of virtual memory and its benefits.,,
Operating Systems,Describe the process scheduling algorithms used in operating systems.,,
Operating Systems,Discuss the difference between symmetric and asymmetric multiprocessing.,,
Programming and Data Structures,Explain the difference between linear search and binary search algorithms.,,
Programming and Data Structures,Implement a queue using arrays and explain its operations.,,
Programming and Data Structures,Discuss the concept of a hash table and its applications.,,
Programming and Data Structures,Write a program to find the nth Fibonacci number.,,
Programming and Data Structures,Explain the concept of Big O notation and provide examples.,,
Algorithm Design,Discuss the importance of sorting algorithms and their applications.,,
Algorithm Design,Explain the concept of backtracking and provide an example problem.,,
Algorithm Design,Describe the concept of memoization and its use in dynamic programming.,,
Algorithm Design,Discuss the difference between Dijkstra's algorithm and the A* algorithm.,,
Algorithm Design,Explain the concept of space complexity and its significance.,,
System Design,Design a file storage system like Dropbox.,,
System Design,Discuss the concept of microservices architecture and its benefits.,,
System Design,Design a real-time chat application.,,
System Design,Explain the concept of horizontal scaling and vertical scaling.,,
System Design,Discuss the importance of load balancing in distributed systems.,,
Database Management,Discuss the ACID properties in the context of database transactions.,,
Database Management,Explain the concept of denormalization and its trade-offs.,,
Database Management,Discuss the advantages and disadvantages of using NoSQL databases.,,
Database Management,Explain the concept of database replication and its purposes.,,
Database Management,Describe the process of database backup and recovery.,,
Networking,Discuss the concept of routing and its importance in networking.,,
Networking,Explain the difference between IPv4 and IPv6 addressing schemes.,,
Networking,Discuss the concept of subnetting and its benefits.,,
Networking,Explain the role of firewalls in network security.,,
Networking,Discuss the advantages and disadvantages of wireless networks.,,
Operating Systems,Discuss the role of an operating system kernel.,,
Operating Systems,Explain the concept of a file system and its components.,,
Operating Systems,Discuss the concept of deadlock and methods to prevent it.,,
Operating Systems,Explain the difference between preemptive and non-preemptive scheduling.,,
Operating Systems,Discuss the purpose of system calls in an operating system.,,
Programming and Data Structures,Discuss the importance of data structures in algorithm design.,,
Programming and Data Structures,Explain the concept of a binary tree and its traversal algorithms.,,
Programming and Data Structures,Implement a priority queue and explain its applications.,,
Programming and Data Structures,Write a function to check if a given string is a palindrome.,,
Programming and Data Structures,Discuss the concept of multi-dimensional arrays and their uses.,,
Algorithm Design,Explain the concept of graph theory and its applications in computer science.,,
Algorithm Design,Discuss the Floyd-Warshall algorithm for finding shortest paths in a graph.,,
Algorithm Design,Explain the concept of approximation algorithms and provide examples.,,
Algorithm Design,Discuss the difference between greedy and dynamic programming approaches.,,
Algorithm Design,Explain the concept of NP-completeness and its implications.,,
System Design,Design a video streaming service like Netflix.,,
System Design,Discuss the concept of eventual consistency in distributed systems.,,
System Design,Design a distributed file system like Google File System (GFS).,,
System Design,Explain the concept of service-oriented architecture (SOA).,,
System Design,Discuss the advantages and disadvantages of using cloud computing.,,
Database Management,Explain the concept of ACID compliance in database systems.,,
Database Management,Discuss the importance of database indexing for query performance.,,
Database Management,Explain the concept of database partitioning and its benefits.,,
Database Management,Discuss the use cases for document-oriented databases like MongoDB.,,
Database Management,Explain the concept of data replication in distributed databases.,,
Networking,Discuss the concept of OSI model layers and their functions.,,
Networking,Explain the difference between half-duplex and full-duplex communication.,,
Networking,Discuss the role of routers and switches in computer networks.,,
Networking,Explain the concept of Quality of Service (QoS) in networking.,,
Networking,Discuss the advantages and disadvantages of peer-to-peer networks.,,
Operating Systems,Explain the concept of a process control block (PCB).,,
Operating Systems,Discuss the difference between user-level threads and kernel-level threads.,,
Operating Systems,Explain the concept of demand paging and its benefits.,,
Operating Systems,Discuss the role of device drivers in an operating system.,,
Operating Systems,Explain the purpose of interrupt handling in an operating system.,,
Programming and Data Structures,Explain the concept of a doubly linked list and its operations.,,
Programming and Data Structures,Discuss the importance of hash functions in hash tables.,,
Programming and Data Structures,Explain the concept of a trie data structure and its applications.,,
Programming and Data Structures,Implement a binary search tree and its traversal algorithms.,,
Programming and Data Structures,Write a program to implement the Tower of Hanoi puzzle.,,
Algorithm Design,Discuss the concept of parallel algorithms and their advantages.,,
Algorithm Design,Explain the concept of string matching algorithms.,,
Algorithm Design,Discuss the concept of randomized algorithms and their applications.,,
Algorithm Design,Explain the concept of NP-hard problems and their significance.,,
Algorithm Design,Discuss the concept of approximation algorithms and their uses.,,
System Design,Design a social media platform like Facebook.,,
System Design,Discuss the concept of consistency models in distributed systems.,,
Programming and Data Structures,Implement a linked list in your preferred programming language.,,
Programming and Data Structures,Explain the difference between array and linked list data structures.,,
Programming and Data Structures,Write a function to reverse a string in-place.,,
Programming and Data Structures,Describe the process of binary search and its time complexity.,,
Programming and Data Structures,Implement a stack using arrays and explain its operations.,,
Programming and Data Structures,Explain the concept of recursion and provide an example.,,
Programming and Data Structures,Describe the difference between breadth-first search (BFS) and depth-first search (DFS).,,
Algorithm Design,Explain dynamic programming and provide an example problem that can be solved using it.,,
Algorithm Design,Describe the greedy algorithm approach and provide an example problem.,,
Algorithm Design,Explain the concept of time complexity and how it's calculated.,,
Algorithm Design,Discuss the importance of algorithm optimization and provide techniques for it.,,
Algorithm Design,Explain the concept of divide and conquer and provide an example problem.,,
System Design,Design a URL shortening service like bit.ly.,,
System Design,Explain the components of a distributed system and their functions.,,
System Design,Design a scalable messaging system like Twitter.,,
System Design,Discuss the database sharding technique and its benefits.,,
System Design,Design a caching system to improve the performance of a web application.,,
Database Management,Compare SQL and NoSQL databases, and when to use each.,
Database Management,Explain ACID properties in database transactions.,,
Database Management,Discuss the process of database normalization and its benefits.,,
Database Management,Describe the concept of indexing in databases and its impact on performance.,,
Database Management,Explain the CAP theorem and its implications on distributed databases.,,
Networking,Explain the TCP/IP model and its layers.,,
Networking,Describe the difference between TCP and UDP protocols.,,
Networking,Discuss the process of DNS resolution and its importance.,,
Networking,Explain the concept of NAT (Network Address Translation).,,
Networking,Discuss the OSI model and its layers.,,
Operating Systems,Explain the difference between process and thread.,,
Operating Systems,Discuss the memory management techniques used in operating systems.,,
Operating Systems,Explain the concept of virtual memory and its benefits.,,
Operating Systems,Describe the process scheduling algorithms used in operating systems.,,
Operating Systems,Discuss the difference between symmetric and asymmetric multiprocessing.,,
Personal,Describe a challenging project you've worked on and how you overcame obstacles.,,
Personal,Discuss a time when you had to work under pressure and how you managed it.,,
Personal,Describe your approach to learning new technologies or programming languages.,,
Personal,Discuss a mistake you made in a project and how you rectified it.,,
Personal,Describe a successful team project you were a part of and your role in it.,,
Experience,Describe your experience with Agile/Scrum methodologies.,,
Experience,Discuss your experience with version control systems like Git.,,
Experience,Describe a situation where you had to resolve a conflict within a team.,,
Experience,Discuss your experience with code review processes.,,
Experience,Describe a time when you had to handle a critical production issue.,,
Programming and Data Structures,Explain the concept of a binary tree and its traversal techniques.,,
Programming and Data Structures,Implement a priority queue using a heap data structure.,,
Programming and Data Structures,Discuss the advantages and disadvantages of using hash tables.,,
Programming and Data Structures,Describe the difference between a tree and a graph data structure.,,
Programming and Data Structures,Explain the concept of memoization in dynamic programming.,,
Algorithm Design,Explain the Floyd-Warshall algorithm and its application.,,
Algorithm Design,Discuss the applications of the A* algorithm in pathfinding.,,
Algorithm Design,Explain the concept of big-O notation and its significance.,,
Algorithm Design,Discuss the applications of Dijkstra's algorithm.,,
Algorithm Design,Explain the concept of backtracking and provide an example problem.,,
System Design,Design a file storage system like Dropbox or Google Drive.,,
System Design,Discuss the role of load balancers in distributed systems.,,
System Design,Design a real-time chat application like WhatsApp or Slack.,,
System Design,Discuss the importance of fault tolerance in distributed systems.,,
System Design,Explain the role of microservices architecture in modern systems.,,
Database Management,Explain the concept of ACID transactions and their properties.,,
Database Management,Discuss the advantages and disadvantages of using NoSQL databases.,,
Database Management,Explain the concept of denormalization in databases.,,
Database Management,Discuss the role of indexing in improving database performance.,,
Database Management,Explain the concept of database replication and its purposes.,,
Networking,Discuss the difference between IPv4 and IPv6 addressing schemes.,,
Networking,Explain the concept of routing in computer networks.,,
Networking,Discuss the role of firewalls in network security.,,
Networking,Explain the concept of subnetting and its advantages.,,
Networking,Discuss the challenges of network congestion and their solutions.,,
Operating Systems,Explain the role of the kernel in an operating system.,,
Operating Systems,Discuss the advantages and disadvantages of monolithic kernel vs. microkernel.,,
Operating Systems,Explain the concept of a deadlock and methods to prevent it.,,
Operating Systems,Discuss the role of interrupt handling in operating systems.,,
Operating Systems,Explain the concept of process synchronization and its mechanisms.,,
Personal,Discuss your long-term career goals and how this role aligns with them.,,
Personal,Describe a mentorship experience you've had and its impact on your career.,,
Personal,Discuss your preferred work environment and management style.,,
Personal,Explain how you stay motivated and productive during challenging projects.,,
Personal,Describe a time when you had to adapt to a new technology quickly.,,
Experience,Discuss your experience with cloud computing platforms like AWS or Azure.,,
Experience,Describe your involvement in open-source projects, if any.,
Experience,Explain your experience with containerization technologies like Docker.,,
Experience,Discuss your experience with continuous integration and continuous deployment (CI/CD) pipelines.,,
Experience,Describe your experience with testing frameworks and methodologies.,,
Programming and Data Structures,Explain the concept of a trie data structure and its applications.,,
Programming and Data Structures,Discuss the advantages and disadvantages of using linked lists.,,
Programming and Data Structures,Explain the concept of a heap data structure and its variants.,,
Programming and Data Structures,Discuss the applications of graph traversal algorithms.,,
Programming and Data Structures,Explain the concept of memoization and its role in dynamic programming.,,
Algorithm Design,Explain the concept of the traveling salesman problem (TSP) and its variants.,,
Algorithm Design,Discuss the applications of the Bellman-Ford algorithm.,,
Algorithm Design,Explain the concept of space complexity in algorithms.,,
Algorithm Design,Discuss the applications of the Knuth-Morris-Pratt (KMP) algorithm.,,
Algorithm Design,Explain the concept of branch and bound and its applications.,,
System Design,Design a social media platform like Facebook or Instagram.,,
System Design,Discuss the role of content delivery networks (CDNs) in web applications.,,
System Design,Design an online ticket booking system like BookMyShow or Ticketmaster.,,
System Design,Discuss the role of message queues in decoupling components of a system.,,
System Design,Explain the concept of eventual consistency in distributed systems.,,
Database Management,Explain the concept of database transactions and their properties.,,
Database Management,Discuss the advantages and disadvantages of using relational databases.,,
Database Management,Explain the concept of data partitioning/sharding in databases.,,
Database Management,Discuss the role of acid-base databases in modern applications.,,
Database Management,Explain the concept of database normalization and its forms.,,
Programming and Data Structures,Can you share a project you worked on that you're particularly proud of? What challenges did you face and how did you overcome them?,,
Programming and Data Structures,Describe a situation where you had to work with a difficult team member. How did you handle it?,,
Programming and Data Structures,Have you ever encountered a situation where you had to refactor a large codebase? How did you approach it?,,
Programming and Data Structures,What resources do you use to stay updated with the latest trends and technologies in programming?,,
Programming and Data Structures,Can you discuss a time when you had to explain a complex technical concept to a non-technical stakeholder?,,
Programming and Data Structures,Describe a time when you made a mistake in your code. How did you identify and rectify it?,,
Programming and Data Structures,What programming languages are you most comfortable with, and why?,
Algorithm Design,Have you ever had to optimize an algorithm for better performance? If so, what strategies did you employ?,
Algorithm Design,Describe a project where you had to make trade-offs between using a simpler algorithm versus a more complex one. What factors did you consider?,,
Algorithm Design,How do you approach solving algorithmic problems during interviews?,,
Algorithm Design,Can you discuss a time when you had to implement a novel algorithm to solve a specific problem?,,
Algorithm Design,What is your approach to handling algorithmic challenges that you initially find difficult?,,
System Design,Describe a system architecture you designed for a previous project. What were the key components and how did they interact?,,
System Design,Have you ever had to scale a system to accommodate increasing user demand? How did you approach it?,,
System Design,Can you discuss a time when you had to integrate multiple systems or APIs? What challenges did you face?,,
System Design,What considerations do you take into account when designing a highly available and fault-tolerant system?,,
System Design,Describe a situation where you had to troubleshoot a critical issue in a production environment. How did you resolve it?,,
Database Management,Can you discuss your experience with database performance tuning and optimization?,,
Database Management,Describe a database migration or upgrade project you were involved in. What were the key challenges?,,
Database Management,How do you ensure data integrity and security in the databases you manage?,,
Database Management,Have you ever had to design a schema for a new database? What factors did you consider?,,
Database Management,What strategies do you use to back up and restore databases in case of failure?,,
Networking,Describe a networking problem you encountered in a previous role and how you resolved it.,,
Networking,How do you ensure network security within an organization?,,
Networking,Have you ever had to troubleshoot network latency issues? What tools and techniques did you use?,,
Networking,What experience do you have with implementing and managing VPNs (Virtual Private Networks)?,,
Networking,How do you stay updated with the latest networking technologies and protocols?,,
Operating Systems,Describe your experience with deploying and managing servers in a cloud environment.,,
Operating Systems,Have you ever had to optimize an operating system for better performance? If so, what techniques did you use?,
Operating Systems,Can you discuss a time when you had to recover data from a corrupted filesystem? What steps did you take?,,
Operating Systems,What is your experience with containerization technologies like Docker?,,
Operating Systems,How do you handle system updates and patches in a production environment?,,
Personal and Experience-Related,What motivated you to pursue a career in technology?,,
Personal and Experience-Related,Describe a time when you faced a significant setback in your career. How did you bounce back from it?,,
Personal and Experience-Related,What is your preferred method for receiving feedback, and how do you incorporate it into your work?,
Personal and Experience-Related,Can you discuss a mentor or role model who has had a significant impact on your career?,,
Personal and Experience-Related,How do you prioritize tasks and manage your time effectively, especially during busy periods?,
Personal and Experience-Related,Describe a situation where you had to step outside of your comfort zone to achieve a goal. What did you learn from it?,,
Personal and Experience-Related,What do you enjoy most about working in the tech industry?,,
Personal and Experience-Related,Can you discuss a time when you had to collaborate with colleagues from diverse backgrounds? How did you ensure effective communication?,,
Personal and Experience-Related,What do you consider your greatest strength in a team environment?,,
Personal and Experience-Related,How do you handle stress and pressure in the workplace?,,
Programming and Data Structures,Explain the difference between memoization and tabulation in dynamic programming.,,
Programming and Data Structures,Implement a concurrent data structure such as a concurrent hash map or a lock-free queue.,,
Programming and Data Structures,Discuss the pros and cons of using recursion versus iteration in solving algorithmic problems.,,
Programming and Data Structures,Describe how you would implement a garbage collection algorithm for a programming language runtime.,,
Programming and Data Structures,Explain the concept of amortized analysis and provide an example where it's applicable.,,
Programming and Data Structures,Implement a persistent data structure like a persistent red-black tree or a persistent linked list.,,
Algorithm Design,Discuss the time and space complexity of Dijkstra's algorithm for finding the shortest path in a graph.,,
Algorithm Design,Implement a randomized algorithm such as QuickSort or Prim's algorithm and analyze its average-case time complexity.,,
Algorithm Design,Describe the concept of NP-completeness and provide an example of an NP-complete problem.,,
Algorithm Design,Explain how you would approach solving the traveling salesman problem using dynamic programming.,,
Algorithm Design,Discuss the principles behind approximation algorithms and provide an example of their application.,,
System Design,Design a fault-tolerant distributed key-value store capable of handling millions of requests per second.,,
System Design,Explain how you would design a real-time recommendation system for an e-commerce platform.,,
System Design,Discuss the challenges and considerations involved in designing a microservices architecture.,,
System Design,Describe the architecture of a scalable content delivery network (CDN) and how it improves performance.,,
System Design,Explain how you would design a distributed logging system capable of handling terabytes of logs per day.,,
Database Management,Design a schema for a social networking platform like Facebook, considering scalability and performance.,
Database Management,Discuss the trade-offs between using a relational database (e.g., PostgreSQL) and a NoSQL database (e.g., MongoDB).
Database Management,Explain how you would implement database replication and failover for high availability.,,
Database Management,Describe the concept of database sharding and how it can be implemented to scale horizontally.,,
Database Management,Discuss the challenges of maintaining data consistency in distributed databases and how they can be addressed.,,
Networking,Explain how the Border Gateway Protocol (BGP) works and its role in the internet's routing infrastructure.,,
Networking,Design a secure communication protocol for transmitting sensitive data over an untrusted network.,,
Networking,Discuss the challenges and techniques involved in mitigating distributed denial-of-service (DDoS) attacks.,,
Networking,Explain how you would optimize network performance for a globally distributed application.,,
Networking,Describe the architecture of a peer-to-peer (P2P) file sharing system and its challenges.,,
Operating Systems,Discuss the principles behind virtual memory management and how it improves system performance.,,
Operating Systems,Explain the concept of kernel-level and user-level threads, and their respective advantages and disadvantages.,
Operating Systems,Design a file system for a distributed storage infrastructure, considering fault tolerance and scalability.,
Operating Systems,Discuss the challenges and techniques involved in implementing process scheduling algorithms for multi-core processors.,,
Operating Systems,Explain how you would design a secure operating system kernel with features like address space layout randomization (ASLR) and privilege separation.,,
